genre,movieName
Action,Beyond The Frontier
Action,Black Horizon
Action,Broken Siege
Action,Crimson Border
Action,Dead Frequency
Action,Empire Of Ashes
Action,Ghost Battalion
Action,Iron Wolves
Action,Kingdom Of Dust
Action,Night Convoy
Action,Operation Coldfire
Action,Silent Extraction
Action,Steel Rain
Action,The Last Dominion
Action,Zero Contact
SciFi,Beyond Helios
SciFi,Dark M At Terpro To Col
SciFi,Echoes Of Tit An
SciFi,Event Horizon A Rr A Y
SciFi,Ghost S Of Europ A
SciFi,Signal From Below
SciFi,Silent Orbit
SciFi,St At I On Eos
SciFi,The A E The Rcoll A Pse
SciFi,The At L A Sp A R A Dox
SciFi,The Drift
SciFi,The Emptycol On Y
SciFi,The Final Horizon
SciFi,The Last Be A C On
SciFi,The Silent G A L A Xy
Drama,A Pl A Cec A Lled To Morrow
Drama,A Utumnh A Rbor
Drama,Be For E The Rain
Drama,Bene At Hquietw At Ers
Drama,Betweentwo Sea S On S
Drama,The Bookshop On Ced A Rstreet
Drama,The L On G Road Home
Drama,The Last Summer House
Drama,The Logest Sea S On
Drama,The Oldpi An O
Drama,The Quietshore
Drama,When The River Sleeps
Drama,Winter Letters
Horror,Bene At H A Shhill
Horror,Black Wood Road
Horror,Dead Silencemotel
Horror,House At Winter L A Ke
Horror,Red Creek
Horror,The Bellbene At H The L A Ke
Horror,The Emptych A Pel
Horror,The For Gottenwell
Horror,The Hollow House
Horror,The Last Bo A Dc A St
Horror,The Vill A Ge Without N A Mes
Horror,The W At Cher In Room12
Horror,The Whisper In Gwoods
Comedy,City H A Lldis A Ster
Comedy,Detectivepot At O
Comedy,F A Milyemergency
Comedy,L At E A G A In
Comedy,M On Day Morn In G
Comedy,The Last Day Of F
Comedy,The Newneighbors
Comedy,The Wr On Gwedd In G
Comedy,The Ye A Reveryth In Gbroke
Comedy,Thegreatmix Up
Comedy,Uncleg A Ry'spl An
Comedy,Welcome To Dis A Ster
Comedy,"Welcomehome,Steve"
Fantasy,Beyond Frostpe A K
Fantasy,Moon S To Ne Path
Fantasy,S On G Of The For Gottenre A Lm
Fantasy,The Cryst A L For Est
Fantasy,The Emer A Ld To Wer
Fantasy,The For Gottenm A Ge
Fantasy,The Gate S Of Elderglen
Fantasy,The Goldenst A G
Fantasy,The Hidden Grove
Fantasy,The Kingdom Of Silent Moon S
Fantasy,The Last Dr A G On Keeper
Fantasy,The Silvercrown
Fantasy,The Star Bornqueen
Fantasy,Whisperwind Valley
Romance,A Sky For Two
Romance,A Utumnpromise
Romance,Be For E Sun Rise
Romance,Letters A Cross The Sea
Romance,Mid Night In Ver On A
Romance,On Emore Summer
Romance,Summer On Willowstreet
Romance,The Book Of Us
Romance,The Last T Rain To P A Ris
Romance,The Light Betweenus
Romance,The Winter C A Fé
Romance,Where The Ocean Meets The Sky
Thriller,Black A Rchive
Thriller,C A Se114
Thriller,Dead Letter Of Fice
Thriller,Projectl A Z A Rus
Thriller,Red File 27
Thriller,Silenceevidence
Thriller,The Dep A Rtmentbelow
Thriller,The For Gottenc A Se
Thriller,The Last Record In G
Thriller,The Miss In Gwitness
Thriller,The N In Thfloor
Thriller,The Shadow Network
Animation,At Hous And Fire Flies
Animation,Beyond M A Plehill
Animation,C A Pt A In A Corn
Animation,Littlegi An Ts
Animation,Oliver And The Sky Wh A Le
Animation,The Clockworkfox
Animation,The Fly In Gorch A Rd
Animation,The L An Ternp A R A De
Animation,The Lost B A Llo On
Animation,The Moon Light B A Kery
Animation,The Oce An Beyond M A Ps
Animation,The Secret Tree House
Documentary,Bene At H The Ice
Documentary,Cities Of To Morrow
Documentary,Desert Kingdom S
Documentary,Edge Of The Volc An O
Documentary,Gi An Ts Of The Deep
Documentary,Hidden River S
Documentary,Life A Bove The Clouds
Documentary,Secret S Of The Reef
Documentary,The Last For Est
Documentary,Voice Of The Deep
Documentary,Wild Horizon S
